presenza_foglie,assenza_foglie,presenza_bachi_sfondo,assenza_bachi_sfondo,classificazione,foto
63.32,36.68,11.01,88.99,0,IMG_2663.jpg
63.25,36.75,10.65,89.35,0,IMG_2664.jpg
63.22,36.78,10.53,89.47,0,IMG_2665.jpg
63.5,36.5,10.23,89.77,0,IMG_2666.jpg
62.32,37.68,11.24,88.76,0,IMG_2667.jpg
62.82,37.18,11.03,88.97,0,IMG_2668.jpg
62.94,37.06,11.2,88.8,0,IMG_2669.jpg
62.67,37.33,11.15,88.85,0,IMG_2670.jpg
62.68,37.32,10.71,89.29,0,IMG_2671.jpg
63.29,36.71,10.65,89.35,0,IMG_2672.jpg
64.09,35.91,10.66,89.34,0,IMG_2673.jpg
62.63,37.37,10.85,89.15,0,IMG_2674.jpg
62.25,37.75,11.22,88.78,0,IMG_2675.jpg
62.69,37.31,10.54,89.46,0,IMG_2676.jpg
60.95,39.05,11.75,88.25,0,IMG_2677.jpg
63.23,36.77,10.69,89.31,0,IMG_2678.jpg
62.1,37.9,10.51,89.49,0,IMG_2679.jpg
63.75,36.25,10.25,89.75,0,IMG_2680.jpg
62.36,37.64,11.35,88.65,0,IMG_2681.jpg
64.01,35.99,10.52,89.48,0,IMG_2682.jpg
61.16,38.84,11.1,88.9,0,IMG_2683.jpg
61.82,38.18,11.12,88.88,0,IMG_2684.jpg
62.87,37.13,10.38,89.62,0,IMG_2685.jpg
63.58,36.42,10.61,89.39,0,IMG_2686.jpg
63.84,36.16,10.47,89.53,0,IMG_2687.jpg
62.99,37.01,9.82,90.18,0,IMG_2688.jpg
61.63,38.37,11.03,88.97,0,IMG_2689.jpg
62.53,37.47,10.22,89.78,0,IMG_2690.jpg
63.69,36.31,9.84,90.16,0,IMG_2691.jpg
63.28,36.72,10.2,89.8,0,IMG_2692.jpg
62.65,37.35,10.38,89.62,0,IMG_2693.jpg
63.44,36.56,9.74,90.26,0,IMG_2694.jpg
64.06,35.94,9.94,90.06,0,IMG_2695.jpg
63.1,36.9,9.74,90.26,0,IMG_2696.jpg
60.95,39.05,10.74,89.26,0,IMG_2697.jpg
63.55,36.45,9.73,90.27,0,IMG_2698.jpg
63.25,36.75,9.48,90.52,0,IMG_2699.jpg
63.71,36.29,9.84,90.16,0,IMG_2700.jpg
72.1,27.9,6.92,93.08,0,IMG_2701.jpg
72.5,27.5,6.9,93.1,0,IMG_2702.jpg
70.36,29.64,8.13,91.87,0,IMG_2703.jpg
65.41,34.59,9.47,90.53,0,IMG_2704.jpg
66.01,33.99,9.33,90.67,0,IMG_2705.jpg
65.19,34.81,9.57,90.43,0,IMG_2706.jpg
66.15,33.85,9.25,90.75,0,IMG_2707.jpg
65.49,34.51,9.16,90.84,0,IMG_2708.jpg
65.0,35.0,9.33,90.67,0,IMG_2709.jpg
65.07,34.93,9.19,90.81,0,IMG_2710.jpg
65.49,34.51,9.47,90.53,0,IMG_2711.jpg
64.9,35.1,9.33,90.67,0,IMG_2712.jpg
63.69,36.31,10.08,89.92,0,IMG_2713.jpg
64.87,35.13,9.87,90.13,0,IMG_2714.jpg
64.26,35.74,9.71,90.29,0,IMG_2715.jpg
64.99,35.01,9.39,90.61,0,IMG_2716.jpg
64.77,35.23,9.5,90.5,0,IMG_2717.jpg
65.15,34.85,9.62,90.38,0,IMG_2718.jpg
63.93,36.07,9.74,90.26,0,IMG_2719.jpg
62.67,37.33,10.0,90.0,0,IMG_2720.jpg
64.02,35.98,9.95,90.05,0,IMG_2721.jpg
64.3,35.7,9.68,90.32,0,IMG_2722.jpg
63.68,36.32,10.07,89.93,0,IMG_2723.jpg
63.31,36.69,9.92,90.08,0,IMG_2724.jpg
62.82,37.18,10.17,89.83,0,IMG_2725.jpg
62.2,37.8,10.54,89.46,0,IMG_2726.jpg
62.49,37.51,10.38,89.62,0,IMG_2727.jpg
62.77,37.23,10.48,89.52,0,IMG_2728.jpg
62.4,37.6,10.34,89.66,0,IMG_2729.jpg
61.86,38.14,10.61,89.39,0,IMG_2730.jpg
61.62,38.38,10.91,89.09,0,IMG_2731.jpg
60.54,39.46,11.15,88.85,0,IMG_2732.jpg
61.87,38.13,10.65,89.35,0,IMG_2733.jpg
60.49,39.51,11.06,88.94,0,IMG_2734.jpg
59.37,40.63,11.25,88.75,0,IMG_2735.jpg
59.93,40.07,10.73,89.27,0,IMG_2736.jpg
59.16,40.84,10.69,89.31,0,IMG_2737.jpg
58.71,41.29,12.08,87.92,0,IMG_2738.jpg
59.87,40.13,11.43,88.57,0,IMG_2739.jpg
57.7,42.3,12.36,87.64,0,IMG_2740.jpg
57.99,42.01,12.4,87.6,0,IMG_2741.jpg
57.49,42.51,12.4,87.6,0,IMG_2742.jpg
56.96,43.04,12.74,87.26,0,IMG_2743.jpg
57.07,42.93,12.6,87.4,0,IMG_2744.jpg
56.58,43.42,13.19,86.81,0,IMG_2745.jpg
56.87,43.13,12.63,87.37,0,IMG_2746.jpg
55.74,44.26,13.56,86.44,0,IMG_2747.jpg
56.88,43.12,12.38,87.62,0,IMG_2748.jpg
54.76,45.24,13.87,86.13,0,IMG_2749.jpg
54.84,45.16,13.55,86.45,0,IMG_2750.jpg
54.51,45.49,13.92,86.08,0,IMG_2751.jpg
54.39,45.61,14.0,86.0,0,IMG_2752.jpg
55.07,44.93,12.45,87.55,0,IMG_2753.jpg
54.44,45.56,13.77,86.23,0,IMG_2754.jpg
53.75,46.25,13.94,86.06,0,IMG_2755.jpg
52.66,47.34,14.67,85.33,0,IMG_2756.jpg
51.7,48.3,15.56,84.44,0,IMG_2757.jpg
51.97,48.03,13.83,86.17,0,IMG_2758.jpg
51.88,48.12,14.49,85.51,0,IMG_2759.jpg
52.27,47.73,13.62,86.38,0,IMG_2760.jpg
51.08,48.92,14.6,85.4,0,IMG_2761.jpg
49.88,50.12,16.23,83.77,1,IMG_2762.jpg
50.65,49.35,14.84,85.16,0,IMG_2763.jpg
50.72,49.28,16.46,83.54,0,IMG_2764.jpg
51.02,48.98,15.56,84.44,0,IMG_2765.jpg
52.4,47.6,14.54,85.46,0,IMG_2766.jpg
51.17,48.83,15.13,84.87,0,IMG_2767.jpg
52.02,47.98,13.31,86.69,0,IMG_2768.jpg
47.27,52.73,16.94,83.06,1,IMG_2769.jpg
58.21,41.79,7.25,92.75,0,IMG_2770.jpg
63.11,36.89,4.65,95.35,0,IMG_2771.jpg
74.57,25.43,3.64,96.36,0,IMG_2772.jpg
64.94,35.06,6.31,93.69,0,IMG_2773.jpg
79.31,20.69,1.55,98.45,0,IMG_2774.jpg
50.07,49.93,13.59,86.41,0,IMG_2775.jpg
48.14,51.86,16.66,83.34,1,IMG_2776.jpg
44.11,55.89,19.92,80.08,1,IMG_2777.jpg
48.56,51.44,15.24,84.76,0,IMG_2778.jpg
44.24,55.76,20.33,79.67,1,IMG_2779.jpg
45.25,54.75,19.98,80.02,1,IMG_2780.jpg
47.93,52.07,16.5,83.5,1,IMG_2781.jpg
47.69,52.31,16.12,83.88,1,IMG_2782.jpg
42.76,57.24,22.01,77.99,1,IMG_2783.jpg
44.9,55.1,20.0,80.0,1,IMG_2784.jpg
44.4,55.6,20.42,79.58,1,IMG_2785.jpg
46.32,53.68,17.46,82.54,1,IMG_2786.jpg
47.66,52.34,16.61,83.39,1,IMG_2787.jpg
46.4,53.6,17.68,82.32,1,IMG_2788.jpg
47.59,52.41,15.85,84.15,1,IMG_2789.jpg
47.14,52.86,17.04,82.96,1,IMG_2790.jpg
47.97,52.03,15.62,84.38,1,IMG_2791.jpg
46.55,53.45,17.2,82.8,1,IMG_2792.jpg
46.04,53.96,17.98,82.02,1,IMG_2793.jpg
45.64,54.36,18.71,81.29,1,IMG_2794.jpg
44.57,55.43,19.51,80.49,1,IMG_2795.jpg
44.77,55.23,19.17,80.83,1,IMG_2796.jpg
44.32,55.68,19.42,80.58,1,IMG_2797.jpg
47.04,52.96,16.9,83.1,1,IMG_2798.jpg
44.91,55.09,19.48,80.52,1,IMG_2799.jpg
45.77,54.23,17.87,82.13,1,IMG_2800.jpg
46.53,53.47,17.03,82.97,1,IMG_2801.jpg
47.81,52.19,14.46,85.54,0,IMG_2802.jpg
47.73,52.27,14.22,85.78,0,IMG_2803.jpg
45.13,54.87,17.99,82.01,1,IMG_2804.jpg
72.55,27.45,6.14,93.86,0,IMG_2805.jpg
71.11,28.89,6.74,93.26,0,IMG_2806.jpg
62.53,37.47,12.06,87.94,0,IMG_2807.jpg
59.07,40.93,12.47,87.53,0,IMG_2808.jpg
56.27,43.73,12.12,87.88,0,IMG_2809.jpg
52.29,47.71,13.53,86.47,0,IMG_2810.jpg
51.06,48.94,14.28,85.72,0,IMG_2811.jpg
47.05,52.95,18.26,81.74,1,IMG_2812.jpg
47.58,52.42,16.17,83.83,1,IMG_2813.jpg
49.27,50.73,13.19,86.81,0,IMG_2814.jpg
42.27,57.73,22.92,77.08,1,IMG_2815.jpg
49.67,50.33,12.88,87.12,0,IMG_2816.jpg
43.13,56.87,20.6,79.4,1,IMG_2817.jpg
47.07,52.93,15.36,84.64,0,IMG_2818.jpg
42.41,57.59,21.3,78.7,1,IMG_2819.jpg
48.65,51.35,12.43,87.57,0,IMG_2820.jpg
44.27,55.73,18.12,81.88,1,IMG_2821.jpg
41.56,58.44,22.11,77.89,1,IMG_2822.jpg
43.17,56.83,19.0,81.0,1,IMG_2823.jpg
46.49,53.51,14.68,85.32,0,IMG_2824.jpg
43.13,56.87,19.52,80.48,1,IMG_2825.jpg
44.92,55.08,16.33,83.67,1,IMG_2826.jpg
41.7,58.3,21.12,78.88,1,IMG_2827.jpg
43.5,56.5,17.94,82.06,1,IMG_2828.jpg
73.91,26.09,6.2,93.8,0,IMG_2829.jpg
77.5,22.5,5.09,94.91,0,IMG_2830.jpg
69.61,30.39,9.77,90.23,0,IMG_2831.jpg
66.13,33.87,10.54,89.46,0,IMG_2832.jpg
62.77,37.23,11.51,88.49,0,IMG_2833.jpg
58.88,41.12,14.13,85.87,0,IMG_2834.jpg
57.53,42.47,13.5,86.5,0,IMG_2835.jpg
54.13,45.87,15.13,84.87,0,IMG_2836.jpg
48.95,51.05,21.26,78.74,1,IMG_2837.jpg
48.58,51.42,20.43,79.57,1,IMG_2838.jpg
50.19,49.81,17.47,82.53,0,IMG_2839.jpg
50.65,49.35,14.56,85.44,0,IMG_2840.jpg
52.4,47.6,11.6,88.4,0,IMG_2841.jpg
49.39,50.61,14.38,85.62,0,IMG_2842.jpg
47.43,52.57,17.47,82.53,1,IMG_2843.jpg
45.61,54.39,18.33,81.67,1,IMG_2844.jpg
43.99,56.01,20.13,79.87,1,IMG_2845.jpg
50.03,49.97,11.7,88.3,0,IMG_2846.jpg
46.52,53.48,16.77,83.23,1,IMG_2847.jpg
45.98,54.02,17.67,82.33,1,IMG_2848.jpg
39.99,60.01,26.25,73.75,1,IMG_2849.jpg
76.38,23.62,4.22,95.78,0,IMG_2850.jpg
78.47,21.53,5.98,94.02,0,IMG_2851.jpg
75.6,24.4,6.37,93.63,0,IMG_2852.jpg
73.24,26.76,7.33,92.67,0,IMG_2853.jpg
71.66,28.34,7.21,92.79,0,IMG_2854.jpg
67.23,32.77,10.8,89.2,0,IMG_2855.jpg
65.63,34.37,10.77,89.23,0,IMG_2856.jpg
64.97,35.03,11.04,88.96,0,IMG_2857.jpg
63.48,36.52,11.59,88.41,0,IMG_2858.jpg
61.22,38.78,13.21,86.79,0,IMG_2859.jpg
58.07,41.93,15.15,84.85,0,IMG_2860.jpg
54.52,45.48,17.61,82.39,0,IMG_2861.jpg
57.03,42.97,12.47,87.53,0,IMG_2862.jpg
54.33,45.67,15.38,84.62,0,IMG_2863.jpg
54.78,45.22,13.44,86.56,0,IMG_2864.jpg
48.19,51.81,21.02,78.98,1,IMG_2865.jpg
51.26,48.74,16.53,83.47,0,IMG_2866.jpg
72.81,27.19,7.45,92.55,0,IMG_2867.jpg
79.59,20.41,3.29,96.71,0,IMG_2868.jpg
77.93,22.07,4.31,95.69,0,IMG_2869.jpg
73.3,26.7,5.16,94.84,0,IMG_2870.jpg
71.97,28.03,6.78,93.22,0,IMG_2871.jpg
67.71,32.29,9.41,90.59,0,IMG_2872.jpg
64.47,35.53,11.19,88.81,0,IMG_2873.jpg
64.22,35.78,11.3,88.7,0,IMG_2874.jpg
63.83,36.17,10.88,89.12,0,IMG_2875.jpg
63.83,36.17,10.33,89.67,0,IMG_2876.jpg
60.04,39.96,13.9,86.1,0,IMG_2877.jpg
59.04,40.96,12.15,87.85,0,IMG_2878.jpg
57.6,42.4,14.87,85.13,0,IMG_2879.jpg
55.44,44.56,15.35,84.65,0,IMG_2880.jpg
54.03,45.97,17.17,82.83,0,IMG_2881.jpg
53.47,46.53,15.67,84.33,0,IMG_2882.jpg
51.85,48.15,18.55,81.45,0,IMG_2883.jpg
50.98,49.02,17.81,82.19,0,IMG_2884.jpg
50.99,49.01,19.05,80.95,0,IMG_2885.jpg
49.15,50.85,19.46,80.54,1,IMG_2886.jpg
48.88,51.12,17.85,82.15,1,IMG_2887.jpg
48.74,51.26,19.7,80.3,1,IMG_2888.jpg
49.05,50.95,19.86,80.14,1,IMG_2889.jpg
47.45,52.55,19.8,80.2,1,IMG_2890.jpg
47.71,52.29,18.49,81.51,1,IMG_2891.jpg
46.63,53.37,19.35,80.65,1,IMG_2892.jpg
46.85,53.15,19.69,80.31,1,IMG_2893.jpg
46.57,53.43,19.7,80.3,1,IMG_2894.jpg
45.99,54.01,20.74,79.26,1,IMG_2895.jpg
48.03,51.97,17.98,82.02,1,IMG_2896.jpg
45.93,54.07,21.02,78.98,1,IMG_2897.jpg
46.35,53.65,21.09,78.91,1,IMG_2898.jpg
48.79,51.21,15.96,84.04,1,IMG_2899.jpg
47.16,52.84,18.3,81.7,1,IMG_2900.jpg
46.24,53.76,20.45,79.55,1,IMG_2901.jpg
45.54,54.46,19.44,80.56,1,IMG_2902.jpg
45.59,54.41,20.85,79.15,1,IMG_2903.jpg
45.03,54.97,20.92,79.08,1,IMG_2904.jpg
46.28,53.72,17.89,82.11,1,IMG_2905.jpg
44.92,55.08,21.25,78.75,1,IMG_2906.jpg
44.16,55.84,20.86,79.14,1,IMG_2907.jpg
41.92,58.08,23.84,76.16,1,IMG_2908.jpg
46.67,53.33,19.06,80.94,1,IMG_2909.jpg
43.0,57.0,22.16,77.84,1,IMG_2910.jpg
46.5,53.5,16.68,83.32,1,IMG_2911.jpg
65.97,34.03,6.6,93.4,0,IMG_2912.jpg
82.64,17.36,3.67,96.33,0,IMG_2913.jpg
84.17,15.83,3.16,96.84,0,IMG_2914.jpg
83.42,16.58,3.91,96.09,0,IMG_2915.jpg
80.52,19.48,4.88,95.12,0,IMG_2916.jpg
83.38,16.62,1.87,98.13,0,IMG_2917.jpg
81.13,18.87,2.39,97.61,0,IMG_2918.jpg
66.36,33.64,11.82,88.18,0,IMG_2919.jpg
63.07,36.93,13.63,86.37,0,IMG_2920.jpg
60.98,39.02,14.58,85.42,0,IMG_2921.jpg
60.51,39.49,13.02,86.98,0,IMG_2922.jpg
59.34,40.66,14.34,85.66,0,IMG_2923.jpg
54.15,45.85,18.61,81.39,0,IMG_2924.jpg
58.63,41.37,12.47,87.53,0,IMG_2925.jpg
56.79,43.21,13.52,86.48,0,IMG_2926.jpg
52.97,47.03,16.68,83.32,0,IMG_2927.jpg
49.23,50.77,20.95,79.05,1,IMG_2928.jpg
53.43,46.57,14.59,85.41,0,IMG_2929.jpg
50.97,49.03,17.11,82.89,0,IMG_2930.jpg
49.19,50.81,18.58,81.42,1,IMG_2931.jpg
48.94,51.06,16.78,83.22,1,IMG_2932.jpg
46.01,53.99,21.22,78.78,1,IMG_2933.jpg
47.87,52.13,18.48,81.52,1,IMG_2934.jpg
47.61,52.39,17.11,82.89,1,IMG_2935.jpg
47.19,52.81,18.63,81.37,1,IMG_2936.jpg
84.39,15.61,3.02,96.98,0,IMG_2937.jpg
80.82,19.18,4.3,95.7,0,IMG_2938.jpg
82.01,17.99,3.93,96.07,0,IMG_2939.jpg
79.85,20.15,4.84,95.16,0,IMG_2940.jpg
75.88,24.12,7.48,92.52,0,IMG_2941.jpg
71.16,28.84,9.14,90.86,0,IMG_2942.jpg
68.99,31.01,11.02,88.98,0,IMG_2943.jpg
65.19,34.81,13.31,86.69,0,IMG_2944.jpg
66.71,33.29,10.46,89.54,0,IMG_2952.jpg
66.3,33.7,10.6,89.4,0,IMG_2953.jpg
39.03,60.97,18.36,81.64,1,IMG_2954.jpg
68.89,31.11,7.38,92.62,0,IMG_2955.jpg
68.85,31.15,6.69,93.31,0,IMG_2956.jpg
70.75,29.25,3.53,96.47,0,IMG_2957.jpg
68.41,31.59,6.57,93.43,0,IMG_2958.jpg
68.23,31.77,7.15,92.85,0,IMG_2959.jpg
69.07,30.93,7.06,92.94,0,IMG_2960.jpg
72.18,27.82,4.18,95.82,0,IMG_2961.jpg
74.65,25.35,3.88,96.12,0,IMG_2962.jpg
73.11,26.89,4.72,95.28,0,IMG_2963.jpg
73.74,26.26,4.42,95.58,0,IMG_2964.jpg
73.86,26.14,4.54,95.46,0,IMG_2965.jpg
71.25,28.75,5.35,94.65,0,IMG_2966.jpg
72.87,27.13,5.58,94.42,0,IMG_2967.jpg
72.74,27.26,5.83,94.17,0,IMG_2968.jpg
68.08,31.92,7.01,92.99,0,IMG_2969.jpg
70.45,29.55,7.46,92.54,0,IMG_2970.jpg
66.18,33.82,8.48,91.52,0,IMG_2971.jpg
66.91,33.09,9.18,90.82,0,IMG_2972.jpg
63.28,36.72,9.69,90.31,0,IMG_2973.jpg
64.72,35.28,10.47,89.53,0,IMG_2974.jpg
61.16,38.84,10.67,89.33,0,IMG_2975.jpg
60.95,39.05,10.88,89.12,0,IMG_2976.jpg
60.25,39.75,10.79,89.21,0,IMG_2977.jpg
62.68,37.32,8.87,91.13,0,IMG_2978.jpg
59.2,40.8,10.71,89.29,0,IMG_2979.jpg
59.26,40.74,12.18,87.82,0,IMG_2980.jpg
59.07,40.93,11.85,88.15,0,IMG_2981.jpg
58.76,41.24,11.31,88.69,0,IMG_2982.jpg
55.84,44.16,12.29,87.71,0,IMG_2983.jpg
54.33,45.67,13.42,86.58,0,IMG_2984.jpg
55.68,44.32,13.08,86.92,0,IMG_2985.jpg
54.86,45.14,11.7,88.3,0,IMG_2986.jpg
52.84,47.16,13.92,86.08,0,IMG_2987.jpg
53.58,46.42,13.82,86.18,0,IMG_2988.jpg
48.59,51.41,17.19,82.81,1,IMG_2989.jpg
50.39,49.61,15.21,84.79,0,IMG_2990.jpg
51.4,48.6,15.65,84.35,0,IMG_2991.jpg
49.16,50.84,15.73,84.27,1,IMG_2992.jpg
47.19,52.81,17.22,82.78,1,IMG_2993.jpg
47.28,52.72,16.73,83.27,1,IMG_2994.jpg
48.66,51.34,16.54,83.46,1,IMG_2995.jpg
48.2,51.8,19.59,80.41,1,IMG_2996.jpg
46.12,53.88,18.57,81.43,1,IMG_2997.jpg
47.58,52.42,18.66,81.34,1,IMG_2998.jpg
47.09,52.91,16.71,83.29,1,IMG_2999.jpg
43.74,56.26,18.22,81.78,1,IMG_3000.jpg
46.92,53.08,18.36,81.64,1,IMG_3001.jpg
46.78,53.22,18.28,81.72,1,IMG_3002.jpg
44.52,55.48,21.92,78.08,1,IMG_3003.jpg
44.36,55.64,19.45,80.55,1,IMG_3004.jpg
45.68,54.32,19.66,80.34,1,IMG_3005.jpg
47.81,52.19,17.09,82.91,1,IMG_3006.jpg
41.19,58.81,23.52,76.48,1,IMG_3007.jpg
42.98,57.02,20.45,79.55,1,IMG_3008.jpg
42.61,57.39,19.21,80.79,1,IMG_3009.jpg
43.48,56.52,20.7,79.3,1,IMG_3010.jpg
40.76,59.24,25.55,74.45,1,IMG_3011.jpg
40.97,59.03,22.31,77.69,1,IMG_3012.jpg
41.85,58.15,20.13,79.87,1,IMG_3013.jpg
43.9,56.1,18.87,81.13,1,IMG_3014.jpg
43.07,56.93,22.31,77.69,1,IMG_3015.jpg
48.64,51.36,15.45,84.55,0,IMG_3016.jpg
44.68,55.32,18.4,81.6,1,IMG_3017.jpg
41.77,58.23,24.98,75.02,1,IMG_3018.jpg
40.81,59.19,20.67,79.33,1,IMG_3019.jpg
41.38,58.62,23.75,76.25,1,IMG_3020.jpg
43.13,56.87,19.08,80.92,1,IMG_3021.jpg
44.41,55.59,19.57,80.43,1,IMG_3022.jpg
37.65,62.35,23.06,76.94,1,IMG_3023.jpg
41.11,58.89,24.23,75.77,1,IMG_3024.jpg
41.98,58.02,21.97,78.03,1,IMG_3025.jpg
42.62,57.38,21.04,78.96,1,IMG_3026.jpg
43.55,56.45,16.43,83.57,1,IMG_3027.jpg
42.05,57.95,19.65,80.35,1,IMG_3028.jpg
37.25,62.75,23.32,76.68,1,IMG_3029.jpg
39.03,60.97,21.64,78.36,1,IMG_3030.jpg
41.07,58.93,18.96,81.04,1,IMG_3031.jpg
41.37,58.63,24.57,75.43,1,IMG_3032.jpg
40.73,59.27,20.57,79.43,1,IMG_3033.jpg
44.23,55.77,20.53,79.47,1,IMG_3034.jpg
40.3,59.7,25.43,74.57,1,IMG_3035.jpg
40.31,59.69,22.51,77.49,1,IMG_3036.jpg
41.93,58.07,19.91,80.09,1,IMG_3037.jpg
40.72,59.28,21.61,78.39,1,IMG_3038.jpg
43.73,56.27,19.67,80.33,1,IMG_3039.jpg
41.7,58.3,21.26,78.74,1,IMG_3040.jpg
29.24,70.76,27.24,72.76,1,IMG_3041.jpg
29.9,70.1,28.67,71.33,1,IMG_3042.jpg
33.56,66.44,20.27,79.73,1,IMG_3043.jpg
29.35,70.65,28.24,71.76,1,IMG_3044.jpg
32.4,67.6,20.05,79.95,1,IMG_3045.jpg
30.1,69.9,24.35,75.65,1,IMG_3046.jpg
30.49,69.51,21.54,78.46,1,IMG_3047.jpg
29.81,70.19,23.06,76.94,1,IMG_3048.jpg
73.27,26.73,6.32,93.68,0,IMG_3049.jpg
78.82,21.18,3.48,96.52,0,IMG_3050.jpg
77.89,22.11,3.91,96.09,0,IMG_3051.jpg
78.15,21.85,3.85,96.15,0,IMG_3052.jpg
80.28,19.72,3.35,96.65,0,IMG_3053.jpg
79.69,20.31,3.46,96.54,0,IMG_3054.jpg
73.9,26.1,3.88,96.12,0,IMG_3055.jpg
72.02,27.98,4.23,95.77,0,IMG_3056.jpg
70.93,29.07,4.54,95.46,0,IMG_3057.jpg
70.62,29.38,5.0,95.0,0,IMG_3058.jpg
71.64,28.36,4.55,95.45,0,IMG_3059.jpg
69.19,30.81,5.65,94.35,0,IMG_3060.jpg
68.93,31.07,5.57,94.43,0,IMG_3061.jpg
66.01,33.99,7.11,92.89,0,IMG_3062.jpg
66.69,33.31,6.69,93.31,0,IMG_3063.jpg
65.08,34.92,8.05,91.95,0,IMG_3064.jpg
64.97,35.03,7.96,92.04,0,IMG_3065.jpg
64.37,35.63,7.68,92.32,0,IMG_3066.jpg
63.15,36.85,7.98,92.02,0,IMG_3067.jpg
64.46,35.54,8.49,91.51,0,IMG_3068.jpg
61.27,38.73,10.03,89.97,0,IMG_3069.jpg
59.99,40.01,10.72,89.28,0,IMG_3070.jpg
60.0,40.0,11.14,88.86,0,IMG_3071.jpg
59.1,40.9,11.16,88.84,0,IMG_3072.jpg
59.87,40.13,11.22,88.78,0,IMG_3073.jpg
56.9,43.1,11.04,88.96,0,IMG_3074.jpg
56.02,43.98,13.71,86.29,0,IMG_3075.jpg
55.34,44.66,14.86,85.14,0,IMG_3076.jpg
54.74,45.26,14.93,85.07,0,IMG_3077.jpg
53.61,46.39,15.32,84.68,0,IMG_3078.jpg
53.61,46.39,11.79,88.21,0,IMG_3079.jpg
54.57,45.43,11.21,88.79,0,IMG_3080.jpg
50.52,49.48,17.29,82.71,0,IMG_3081.jpg
51.12,48.88,13.54,86.46,0,IMG_3082.jpg
50.06,49.94,15.85,84.15,0,IMG_3083.jpg
50.46,49.54,15.21,84.79,0,IMG_3084.jpg
47.36,52.64,18.79,81.21,1,IMG_3085.jpg
48.13,51.87,18.72,81.28,1,IMG_3086.jpg
47.53,52.47,15.34,84.66,0,IMG_3087.jpg
45.48,54.52,19.49,80.51,1,IMG_3088.jpg
47.36,52.64,16.16,83.84,1,IMG_3089.jpg
44.38,55.62,20.0,80.0,1,IMG_3090.jpg
45.17,54.83,18.26,81.74,1,IMG_3091.jpg
43.73,56.27,20.72,79.28,1,IMG_3092.jpg
42.86,57.14,23.06,76.94,1,IMG_3093.jpg
42.74,57.26,21.62,78.38,1,IMG_3094.jpg
43.58,56.42,20.67,79.33,1,IMG_3095.jpg
43.8,56.2,19.24,80.76,1,IMG_3096.jpg
42.47,57.53,19.65,80.35,1,IMG_3097.jpg
41.42,58.58,23.81,76.19,1,IMG_3098.jpg
42.21,57.79,22.5,77.5,1,IMG_3099.jpg
40.91,59.09,23.47,76.53,1,IMG_3100.jpg
40.64,59.36,22.22,77.78,1,IMG_3101.jpg
42.26,57.74,17.69,82.31,1,IMG_3102.jpg
39.71,60.29,22.63,77.37,1,IMG_3103.jpg
41.47,58.53,20.18,79.82,1,IMG_3104.jpg
40.27,59.73,22.84,77.16,1,IMG_3105.jpg
40.49,59.51,18.88,81.12,1,IMG_3106.jpg
39.49,60.51,22.68,77.32,1,IMG_3107.jpg
39.11,60.89,23.08,76.92,1,IMG_3108.jpg
39.61,60.39,20.26,79.74,1,IMG_3109.jpg
40.34,59.66,19.8,80.2,1,IMG_3110.jpg
39.96,60.04,23.12,76.88,1,IMG_3111.jpg
38.3,61.7,24.27,75.73,1,IMG_3112.jpg
37.8,62.2,24.42,75.58,1,IMG_3113.jpg
38.97,61.03,23.92,76.08,1,IMG_3114.jpg
38.69,61.31,23.3,76.7,1,IMG_3115.jpg
39.03,60.97,21.03,78.97,1,IMG_3116.jpg
38.43,61.57,24.22,75.78,1,IMG_3117.jpg
37.76,62.24,25.9,74.1,1,IMG_3118.jpg
38.79,61.21,21.43,78.57,1,IMG_3119.jpg
38.51,61.49,23.66,76.34,1,IMG_3120.jpg
39.61,60.39,21.88,78.12,1,IMG_3121.jpg
38.98,61.02,22.74,77.26,1,IMG_3122.jpg
37.37,62.63,25.75,74.25,1,IMG_3123.jpg
36.51,63.49,26.33,73.67,1,IMG_3124.jpg
37.97,62.03,23.21,76.79,1,IMG_3125.jpg
37.39,62.61,23.81,76.19,1,IMG_3126.jpg
39.94,60.06,18.74,81.26,1,IMG_3127.jpg
38.27,61.73,21.53,78.47,1,IMG_3128.jpg
38.18,61.82,22.82,77.18,1,IMG_3129.jpg
37.43,62.57,23.89,76.11,1,IMG_3130.jpg
38.04,61.96,23.7,76.3,1,IMG_3131.jpg
37.32,62.68,24.43,75.57,1,IMG_3132.jpg
38.3,61.7,24.14,75.86,1,IMG_3133.jpg
40.58,59.42,17.2,82.8,1,IMG_3134.jpg
38.26,61.74,23.71,76.29,1,IMG_3135.jpg
37.34,62.66,25.23,74.77,1,IMG_3136.jpg
38.15,61.85,22.46,77.54,1,IMG_3137.jpg
37.79,62.21,22.81,77.19,1,IMG_3138.jpg
38.07,61.93,24.46,75.54,1,IMG_3139.jpg
37.42,62.58,23.04,76.96,1,IMG_3140.jpg
37.34,62.66,23.11,76.89,1,IMG_3141.jpg
37.42,62.58,25.56,74.44,1,IMG_3142.jpg
40.32,59.68,17.05,82.95,1,IMG_3143.jpg
37.72,62.28,21.56,78.44,1,IMG_3144.jpg
36.53,63.47,25.77,74.23,1,IMG_3145.jpg
38.19,61.81,24.17,75.83,1,IMG_3146.jpg
39.33,60.67,19.72,80.28,1,IMG_3147.jpg
39.74,60.26,17.56,82.44,1,IMG_3148.jpg
37.38,62.62,22.19,77.81,1,IMG_3149.jpg
38.92,61.08,19.28,80.72,1,IMG_3150.jpg
36.74,63.26,23.16,76.84,1,IMG_3151.jpg
41.15,58.85,17.39,82.61,1,IMG_3152.jpg
39.59,60.41,18.44,81.56,1,IMG_3153.jpg
36.7,63.3,23.35,76.65,1,IMG_3154.jpg
38.87,61.13,19.36,80.64,1,IMG_3155.jpg
36.74,63.26,25.4,74.6,1,IMG_3156.jpg
40.95,59.05,16.65,83.35,1,IMG_3157.jpg
39.55,60.45,20.6,79.4,1,IMG_3158.jpg
38.0,62.0,21.96,78.04,1,IMG_3159.jpg
37.25,62.75,23.61,76.39,1,IMG_3160.jpg
40.99,59.01,16.2,83.8,1,IMG_3161.jpg
37.25,62.75,25.02,74.98,1,IMG_3162.jpg
38.68,61.32,20.85,79.15,1,IMG_3163.jpg
36.66,63.34,25.44,74.56,1,IMG_3164.jpg
36.58,63.42,23.92,76.08,1,IMG_3165.jpg
37.96,62.04,20.61,79.39,1,IMG_3166.jpg
36.87,63.13,24.06,75.94,1,IMG_3167.jpg
38.48,61.52,23.26,76.74,1,IMG_3168.jpg
38.46,61.54,19.51,80.49,1,IMG_3169.jpg
37.03,62.97,22.59,77.41,1,IMG_3170.jpg
36.81,63.19,24.59,75.41,1,IMG_3171.jpg
38.85,61.15,19.82,80.18,1,IMG_3172.jpg
39.96,60.04,17.68,82.32,1,IMG_3173.jpg
37.01,62.99,23.82,76.18,1,IMG_3174.jpg
38.94,61.06,19.71,80.29,1,IMG_3175.jpg
41.67,58.33,16.61,83.39,1,IMG_3176.jpg
36.84,63.16,24.57,75.43,1,IMG_3177.jpg
36.93,63.07,24.11,75.89,1,IMG_3178.jpg
38.89,61.11,20.44,79.56,1,IMG_3179.jpg
37.25,62.75,22.99,77.01,1,IMG_3180.jpg
38.31,61.69,22.8,77.2,1,IMG_3181.jpg
37.67,62.33,24.42,75.58,1,IMG_3182.jpg
41.18,58.82,16.08,83.92,1,IMG_3183.jpg
37.85,62.15,21.32,78.68,1,IMG_3184.jpg
39.06,60.94,21.24,78.76,1,IMG_3185.jpg
38.5,61.5,21.92,78.08,1,IMG_3186.jpg
37.93,62.07,24.64,75.36,1,IMG_3187.jpg
37.33,62.67,23.33,76.67,1,IMG_3188.jpg
37.05,62.95,23.39,76.61,1,IMG_3189.jpg
41.95,58.05,15.44,84.56,0,IMG_3190.jpg
38.06,61.94,24.08,75.92,1,IMG_3191.jpg
37.09,62.91,24.74,75.26,1,IMG_3192.jpg
38.17,61.83,21.73,78.27,1,IMG_3193.jpg
37.47,62.53,21.76,78.24,1,IMG_3194.jpg
38.04,61.96,21.1,78.9,1,IMG_3195.jpg
37.23,62.77,23.47,76.53,1,IMG_3196.jpg
41.73,58.27,15.67,84.33,1,IMG_3197.jpg
37.23,62.77,26.07,73.93,1,IMG_3198.jpg
50.99,49.01,12.83,87.17,0,IMG_3199.jpg
47.94,52.06,17.34,82.66,1,IMG_3200.jpg
46.55,53.45,17.62,82.38,1,IMG_3201.jpg
54.76,45.24,12.34,87.66,0,IMG_3202.jpg
72.29,27.71,5.61,94.39,0,IMG_3203.jpg
70.22,29.78,6.77,93.23,0,IMG_3204.jpg
66.51,33.49,8.17,91.83,0,IMG_3205.jpg
65.14,34.86,9.41,90.59,0,IMG_3206.jpg
60.86,39.14,11.83,88.17,0,IMG_3207.jpg
75.24,24.76,6.06,93.94,0,IMG_3208.jpg
77.59,22.41,4.28,95.72,0,IMG_3209.jpg
77.59,22.41,4.35,95.65,0,IMG_3210.jpg
76.76,23.24,4.27,95.73,0,IMG_3211.jpg
75.29,24.71,5.2,94.8,0,IMG_3212.jpg
72.64,27.36,6.06,93.94,0,IMG_3213.jpg
72.15,27.85,5.53,94.47,0,IMG_3214.jpg
69.48,30.52,6.25,93.75,0,IMG_3215.jpg
67.17,32.83,7.07,92.93,0,IMG_3216.jpg
61.91,38.09,11.36,88.64,0,IMG_3217.jpg
62.31,37.69,9.3,90.7,0,IMG_3218.jpg
56.45,43.55,14.19,85.81,0,IMG_3219.jpg
57.72,42.28,10.87,89.13,0,IMG_3220.jpg
53.27,46.73,14.4,85.6,0,IMG_3221.jpg
51.63,48.37,13.17,86.83,0,IMG_3222.jpg
47.45,52.55,17.54,82.46,1,IMG_3223.jpg
48.65,51.35,14.18,85.82,0,IMG_3224.jpg
43.46,56.54,20.02,79.98,1,IMG_3225.jpg
43.37,56.63,19.15,80.85,1,IMG_3226.jpg
40.75,59.25,23.15,76.85,1,IMG_3227.jpg
41.19,58.81,21.09,78.91,1,IMG_3228.jpg
43.52,56.48,16.57,83.43,1,IMG_3229.jpg
38.29,61.71,23.24,76.76,1,IMG_3230.jpg
37.58,62.42,24.55,75.45,1,IMG_3231.jpg
38.93,61.07,22.17,77.83,1,IMG_3232.jpg
39.52,60.48,21.19,78.81,1,IMG_3233.jpg
39.28,60.72,20.64,79.36,1,IMG_3234.jpg
36.47,63.53,26.22,73.78,1,IMG_3235.jpg
39.31,60.69,18.92,81.08,1,IMG_3236.jpg
39.18,60.82,20.73,79.27,1,IMG_3237.jpg
37.8,62.2,22.44,77.56,1,IMG_3238.jpg
37.53,62.47,23.91,76.09,1,IMG_3239.jpg
39.05,60.95,19.65,80.35,1,IMG_3240.jpg
38.24,61.76,21.79,78.21,1,IMG_3241.jpg
38.3,61.7,21.39,78.61,1,IMG_3242.jpg
36.61,63.39,24.8,75.2,1,IMG_3243.jpg
38.36,61.64,21.4,78.6,1,IMG_3244.jpg
36.57,63.43,24.91,75.09,1,IMG_3245.jpg
39.53,60.47,20.07,79.93,1,IMG_3246.jpg
37.78,62.22,21.98,78.02,1,IMG_3247.jpg
39.13,60.87,20.48,79.52,1,IMG_3248.jpg
36.95,63.05,23.4,76.6,1,IMG_3249.jpg
37.59,62.41,22.85,77.15,1,IMG_3250.jpg
37.17,62.83,23.36,76.64,1,IMG_3251.jpg
37.12,62.88,22.74,77.26,1,IMG_3252.jpg
36.86,63.14,24.03,75.97,1,IMG_3253.jpg
37.34,62.66,21.54,78.46,1,IMG_3254.jpg
36.54,63.46,24.52,75.48,1,IMG_3255.jpg
82.21,17.79,2.99,97.01,0,IMG_3256.jpg
82.61,17.39,2.94,97.06,0,IMG_3257.jpg
82.69,17.31,3.18,96.82,0,IMG_3258.jpg
82.7,17.3,3.15,96.85,0,IMG_3259.jpg
82.42,17.58,3.02,96.98,0,IMG_3260.jpg
78.3,21.7,3.13,96.87,0,IMG_3261.jpg
78.86,21.14,3.19,96.81,0,IMG_3262.jpg
78.9,21.1,3.19,96.81,0,IMG_3263.jpg
77.46,22.54,3.72,96.28,0,IMG_3264.jpg
77.67,22.33,3.81,96.19,0,IMG_3265.jpg
76.74,23.26,3.7,96.3,0,IMG_3266.jpg
76.49,23.51,3.98,96.02,0,IMG_3267.jpg
76.38,23.62,4.13,95.87,0,IMG_3268.jpg
74.91,25.09,4.79,95.21,0,IMG_3269.jpg
74.67,25.33,4.56,95.44,0,IMG_3270.jpg
74.09,25.91,4.86,95.14,0,IMG_3271.jpg
72.36,27.64,5.78,94.22,0,IMG_3272.jpg
70.85,29.15,6.05,93.95,0,IMG_3273.jpg
69.4,30.6,6.7,93.3,0,IMG_3274.jpg
65.88,34.12,9.24,90.76,0,IMG_3275.jpg
66.64,33.36,8.58,91.42,0,IMG_3276.jpg
66.18,33.82,7.97,92.03,0,IMG_3277.jpg
62.84,37.16,9.56,90.44,0,IMG_3278.jpg
61.5,38.5,11.63,88.37,0,IMG_3279.jpg
63.48,36.52,9.03,90.97,0,IMG_3280.jpg
61.33,38.67,10.27,89.73,0,IMG_3281.jpg
60.17,39.83,9.87,90.13,0,IMG_3282.jpg
58.72,41.28,11.75,88.25,0,IMG_3283.jpg
56.04,43.96,13.24,86.76,0,IMG_3284.jpg
56.31,43.69,12.16,87.84,0,IMG_3285.jpg
52.82,47.18,13.46,86.54,0,IMG_3286.jpg
53.16,46.84,13.03,86.97,0,IMG_3287.jpg
48.86,51.14,19.05,80.95,1,IMG_3288.jpg
49.76,50.24,16.72,83.28,1,IMG_3289.jpg
47.97,52.03,16.83,83.17,1,IMG_3290.jpg
46.2,53.8,20.8,79.2,1,IMG_3291.jpg
44.03,55.97,22.88,77.12,1,IMG_3292.jpg
47.4,52.6,15.87,84.13,1,IMG_3293.jpg
45.0,55.0,19.95,80.05,1,IMG_3294.jpg
43.51,56.49,22.3,77.7,1,IMG_3295.jpg
42.69,57.31,22.54,77.46,1,IMG_3296.jpg
43.67,56.33,19.81,80.19,1,IMG_3297.jpg
43.24,56.76,20.85,79.15,1,IMG_3298.jpg
43.75,56.25,19.51,80.49,1,IMG_3299.jpg
41.85,58.15,21.86,78.14,1,IMG_3300.jpg
42.45,57.55,19.77,80.23,1,IMG_3301.jpg
41.73,58.27,20.2,79.8,1,IMG_3302.jpg
41.06,58.94,22.4,77.6,1,IMG_3303.jpg
44.36,55.64,16.63,83.37,1,IMG_3304.jpg
40.67,59.33,22.47,77.53,1,IMG_3305.jpg
40.33,59.67,20.32,79.68,1,IMG_3306.jpg
40.0,60.0,22.17,77.83,1,IMG_3307.jpg
38.34,61.66,26.04,73.96,1,IMG_3308.jpg
41.65,58.35,18.82,81.18,1,IMG_3309.jpg
38.18,61.82,26.02,73.98,1,IMG_3310.jpg
38.88,61.12,23.18,76.82,1,IMG_3311.jpg
39.08,60.92,21.97,78.03,1,IMG_3312.jpg
37.49,62.51,26.43,73.57,1,IMG_3313.jpg
36.79,63.21,26.33,73.67,1,IMG_3314.jpg
40.7,59.3,19.68,80.32,1,IMG_3315.jpg
37.48,62.52,26.45,73.55,1,IMG_3316.jpg
69.41,30.59,7.5,92.5,0,IMG_3317.jpg
71.62,28.38,7.25,92.75,0,IMG_3318.jpg
79.7,20.3,3.75,96.25,0,IMG_3319.jpg
81.32,18.68,2.55,97.45,0,IMG_3320.jpg
79.15,20.85,4.64,95.36,0,IMG_3321.jpg
78.9,21.1,2.8,97.2,0,IMG_3322.jpg
79.18,20.82,2.81,97.19,0,IMG_3323.jpg
78.81,21.19,2.88,97.12,0,IMG_3324.jpg
78.34,21.66,3.35,96.65,0,IMG_3325.jpg
77.64,22.36,3.65,96.35,0,IMG_3326.jpg
77.84,22.16,3.46,96.54,0,IMG_3327.jpg
76.44,23.56,4.3,95.7,0,IMG_3328.jpg
76.26,23.74,4.18,95.82,0,IMG_3329.jpg
76.09,23.91,3.97,96.03,0,IMG_3330.jpg
74.14,25.86,5.44,94.56,0,IMG_3331.jpg
74.71,25.29,4.82,95.18,0,IMG_3332.jpg
73.16,26.84,5.4,94.6,0,IMG_3333.jpg
72.49,27.51,5.56,94.44,0,IMG_3334.jpg
71.71,28.29,6.04,93.96,0,IMG_3335.jpg
70.71,29.29,6.66,93.34,0,IMG_3336.jpg
69.08,30.92,7.31,92.69,0,IMG_3337.jpg
68.06,31.94,7.82,92.18,0,IMG_3338.jpg
65.92,34.08,9.13,90.87,0,IMG_3339.jpg
65.05,34.95,9.31,90.69,0,IMG_3340.jpg
62.62,37.38,10.76,89.24,0,IMG_3341.jpg
61.99,38.01,11.18,88.82,0,IMG_3342.jpg
61.84,38.16,10.46,89.54,0,IMG_3343.jpg
60.56,39.44,11.06,88.94,0,IMG_3344.jpg
59.18,40.82,12.17,87.83,0,IMG_3345.jpg
58.39,41.61,11.29,88.71,0,IMG_3346.jpg
57.1,42.9,12.53,87.47,0,IMG_3347.jpg
55.2,44.8,14.99,85.01,0,IMG_3348.jpg
56.15,43.85,12.78,87.22,0,IMG_3349.jpg
56.08,43.92,12.02,87.98,0,IMG_3350.jpg
53.13,46.87,15.02,84.98,0,IMG_3351.jpg
51.35,48.65,17.49,82.51,0,IMG_3352.jpg
50.97,49.03,16.92,83.08,0,IMG_3353.jpg
53.17,46.83,14.11,85.89,0,IMG_3354.jpg
52.27,47.73,14.26,85.74,0,IMG_3355.jpg
51.19,48.81,15.36,84.64,0,IMG_3356.jpg
47.83,52.17,18.4,81.6,1,IMG_3357.jpg
48.87,51.13,16.48,83.52,1,IMG_3358.jpg
45.55,54.45,21.58,78.42,1,IMG_3359.jpg
46.36,53.64,17.26,82.74,1,IMG_3360.jpg
45.78,54.22,18.32,81.68,1,IMG_3361.jpg
44.54,55.46,22.0,78.0,1,IMG_3362.jpg
42.63,57.37,23.66,76.34,1,IMG_3363.jpg
44.63,55.37,20.18,79.82,1,IMG_3364.jpg
44.8,55.2,19.45,80.55,1,IMG_3365.jpg
43.84,56.16,19.34,80.66,1,IMG_3366.jpg
44.82,55.18,18.76,81.24,1,IMG_3367.jpg
41.74,58.26,23.25,76.75,1,IMG_3368.jpg
44.19,55.81,18.31,81.69,1,IMG_3369.jpg
42.99,57.01,19.27,80.73,1,IMG_3370.jpg
41.7,58.3,20.23,79.77,1,IMG_3371.jpg
43.51,56.49,18.82,81.18,1,IMG_3372.jpg
40.77,59.23,21.48,78.52,1,IMG_3373.jpg
43.86,56.14,17.77,82.23,1,IMG_3374.jpg
42.03,57.97,21.07,78.93,1,IMG_3375.jpg
39.88,60.12,24.28,75.72,1,IMG_3376.jpg
41.22,58.78,21.45,78.55,1,IMG_3377.jpg
39.55,60.45,22.48,77.52,1,IMG_3378.jpg
41.54,58.46,20.09,79.91,1,IMG_3379.jpg
41.67,58.33,20.29,79.71,1,IMG_3380.jpg
40.6,59.4,22.38,77.62,1,IMG_3381.jpg
43.1,56.9,18.18,81.82,1,IMG_3382.jpg
39.55,60.45,24.01,75.99,1,IMG_3383.jpg
39.34,60.66,23.09,76.91,1,IMG_3384.jpg
41.74,58.26,21.14,78.86,1,IMG_3385.jpg
42.78,57.22,18.32,81.68,1,IMG_3386.jpg
40.47,59.53,22.97,77.03,1,IMG_3387.jpg
39.95,60.05,23.81,76.19,1,IMG_3388.jpg
39.53,60.47,23.08,76.92,1,IMG_3389.jpg
38.7,61.3,25.5,74.5,1,IMG_3390.jpg
39.08,60.92,24.27,75.73,1,IMG_3391.jpg
40.57,59.43,20.22,79.78,1,IMG_3392.jpg
40.3,59.7,21.14,78.86,1,IMG_3393.jpg
65.56,34.44,8.55,91.45,0,IMG_3394.jpg
82.05,17.95,2.8,97.2,0,IMG_3395.jpg
81.15,18.85,3.22,96.78,0,IMG_3396.jpg
80.61,19.39,3.3,96.7,0,IMG_3397.jpg
78.75,21.25,4.38,95.62,0,IMG_3398.jpg
76.08,23.92,5.82,94.18,0,IMG_3399.jpg
75.31,24.69,5.89,94.11,0,IMG_3400.jpg
73.58,26.42,6.42,93.58,0,IMG_3401.jpg
77.56,22.44,4.3,95.7,0,IMG_3402.jpg
75.13,24.87,5.79,94.21,0,IMG_3403.jpg
74.92,25.08,5.86,94.14,0,IMG_3404.jpg
73.95,26.05,5.86,94.14,0,IMG_3405.jpg
71.25,28.75,7.48,92.52,0,IMG_3406.jpg
70.67,29.33,7.3,92.7,0,IMG_3407.jpg
68.4,31.6,8.03,91.97,0,IMG_3408.jpg
65.72,34.28,10.08,89.92,0,IMG_3409.jpg
63.59,36.41,9.57,90.43,0,IMG_3410.jpg
60.66,39.34,12.64,87.36,0,IMG_3411.jpg
59.47,40.53,12.56,87.44,0,IMG_3412.jpg
58.61,41.39,11.96,88.04,0,IMG_3413.jpg
56.45,43.55,13.53,86.47,0,IMG_3414.jpg
53.89,46.11,15.06,84.94,0,IMG_3415.jpg
52.79,47.21,14.5,85.5,0,IMG_3416.jpg
50.1,49.9,17.69,82.31,0,IMG_3417.jpg
47.99,52.01,20.01,79.99,1,IMG_3418.jpg
47.81,52.19,18.11,81.89,1,IMG_3419.jpg
46.81,53.19,18.93,81.07,1,IMG_3420.jpg
45.88,54.12,20.63,79.37,1,IMG_3421.jpg
43.52,56.48,22.15,77.85,1,IMG_3422.jpg
40.94,59.06,26.33,73.67,1,IMG_3423.jpg
42.35,57.65,22.5,77.5,1,IMG_3424.jpg
43.53,56.47,19.16,80.84,1,IMG_3425.jpg
42.28,57.72,22.85,77.15,1,IMG_3426.jpg
41.59,58.41,23.08,76.92,1,IMG_3427.jpg
44.22,55.78,18.14,81.86,1,IMG_3428.jpg
41.29,58.71,21.17,78.83,1,IMG_3429.jpg
42.55,57.45,20.73,79.27,1,IMG_3430.jpg
40.28,59.72,22.82,77.18,1,IMG_3431.jpg
41.99,58.01,19.75,80.25,1,IMG_3432.jpg
37.9,62.1,25.9,74.1,1,IMG_3433.jpg
41.26,58.74,22.11,77.89,1,IMG_3434.jpg
40.73,59.27,22.02,77.98,1,IMG_3435.jpg
41.53,58.47,21.43,78.57,1,IMG_3436.jpg
39.41,60.59,23.04,76.96,1,IMG_3437.jpg
42.26,57.74,19.11,80.89,1,IMG_3438.jpg
41.72,58.28,20.24,79.76,1,IMG_3439.jpg
40.1,59.9,21.27,78.73,1,IMG_3440.jpg
40.66,59.34,22.37,77.63,1,IMG_3441.jpg
40.92,59.08,20.39,79.61,1,IMG_3442.jpg
42.38,57.62,18.03,81.97,1,IMG_3443.jpg
40.93,59.07,21.23,78.77,1,IMG_3444.jpg
40.1,59.9,23.76,76.24,1,IMG_3445.jpg
41.49,58.51,19.57,80.43,1,IMG_3446.jpg
42.2,57.8,19.78,80.22,1,IMG_3447.jpg
42.36,57.64,18.68,81.32,1,IMG_3448.jpg
39.86,60.14,24.38,75.62,1,IMG_3449.jpg
40.51,59.49,22.52,77.48,1,IMG_3450.jpg
41.91,58.09,19.45,80.55,1,IMG_3451.jpg
42.09,57.91,19.68,80.32,1,IMG_3452.jpg
38.99,61.01,25.87,74.13,1,IMG_3453.jpg
41.3,58.7,20.77,79.23,1,IMG_3454.jpg
41.75,58.25,19.94,80.06,1,IMG_3455.jpg
39.1,60.9,23.17,76.83,1,IMG_3456.jpg
39.82,60.18,23.33,76.67,1,IMG_3457.jpg
40.37,59.63,22.63,77.37,1,IMG_3458.jpg
39.4,60.6,23.46,76.54,1,IMG_3459.jpg
42.43,57.57,19.53,80.47,1,IMG_3460.jpg
44.94,55.06,22.95,77.05,1,IMG_3461.jpg
79.82,20.18,3.16,96.84,0,IMG_3462.jpg
78.55,21.45,3.72,96.28,0,IMG_3463.jpg
77.63,22.37,4.27,95.73,0,IMG_3464.jpg
76.17,23.83,4.43,95.57,0,IMG_3465.jpg
78.71,21.29,4.08,95.92,0,IMG_3466.jpg
78.03,21.97,4.05,95.95,0,IMG_3467.jpg
76.84,23.16,4.73,95.27,0,IMG_3468.jpg
75.76,24.24,5.31,94.69,0,IMG_3469.jpg
72.87,27.13,6.85,93.15,0,IMG_3470.jpg
73.98,26.02,6.31,93.69,0,IMG_3471.jpg
71.45,28.55,7.64,92.36,0,IMG_3472.jpg
71.43,28.57,6.82,93.18,0,IMG_3473.jpg
70.09,29.91,7.57,92.43,0,IMG_3474.jpg
67.74,32.26,9.31,90.69,0,IMG_3475.jpg
66.45,33.55,8.86,91.14,0,IMG_3476.jpg
64.1,35.9,10.21,89.79,0,IMG_3477.jpg
61.03,38.97,13.18,86.82,0,IMG_3478.jpg
60.9,39.1,11.04,88.96,0,IMG_3479.jpg
60.88,39.12,11.37,88.63,0,IMG_3480.jpg
58.96,41.04,11.14,88.86,0,IMG_3481.jpg
57.77,42.23,12.03,87.97,0,IMG_3482.jpg
54.58,45.42,13.25,86.75,0,IMG_3483.jpg
54.03,45.97,14.97,85.03,0,IMG_3484.jpg
51.46,48.54,17.07,82.93,0,IMG_3485.jpg
51.25,48.75,14.72,85.28,0,IMG_3486.jpg
49.3,50.7,17.07,82.93,1,IMG_3487.jpg
49.18,50.82,15.52,84.48,1,IMG_3488.jpg
50.34,49.66,13.74,86.26,0,IMG_3489.jpg
45.63,54.37,20.46,79.54,1,IMG_3490.jpg
46.21,53.79,17.11,82.89,1,IMG_3491.jpg
47.93,52.07,14.33,85.67,0,IMG_3492.jpg
45.55,54.45,18.39,81.61,1,IMG_3493.jpg
44.8,55.2,16.57,83.43,1,IMG_3494.jpg
43.17,56.83,20.04,79.96,1,IMG_3495.jpg
41.31,58.69,23.35,76.65,1,IMG_3496.jpg
41.95,58.05,20.15,79.85,1,IMG_3497.jpg
41.12,58.88,23.53,76.47,1,IMG_3498.jpg
42.25,57.75,21.25,78.75,1,IMG_3499.jpg
41.11,58.89,21.09,78.91,1,IMG_3500.jpg
38.44,61.56,27.75,72.25,1,IMG_3501.jpg
43.11,56.89,17.49,82.51,1,IMG_3502.jpg
40.55,59.45,20.87,79.13,1,IMG_3503.jpg
42.14,57.86,19.67,80.33,1,IMG_3504.jpg
40.36,59.64,22.2,77.8,1,IMG_3505.jpg
41.17,58.83,20.74,79.26,1,IMG_3506.jpg
39.66,60.34,25.66,74.34,1,IMG_3507.jpg
39.93,60.07,24.99,75.01,1,IMG_3508.jpg
40.43,59.57,23.34,76.66,1,IMG_3509.jpg
39.1,60.9,24.35,75.65,1,IMG_3510.jpg
38.69,61.31,25.5,74.5,1,IMG_3511.jpg
40.73,59.27,20.58,79.42,1,IMG_3512.jpg
41.81,58.19,20.08,79.92,1,IMG_3513.jpg
40.73,59.27,22.65,77.35,1,IMG_3514.jpg
42.21,57.79,20.4,79.6,1,IMG_3515.jpg
40.13,59.87,23.35,76.65,1,IMG_3516.jpg
39.51,60.49,24.22,75.78,1,IMG_3517.jpg
40.3,59.7,21.55,78.45,1,IMG_3518.jpg
39.28,60.72,22.39,77.61,1,IMG_3519.jpg
39.65,60.35,25.47,74.53,1,IMG_3520.jpg
42.2,57.8,19.69,80.31,1,IMG_3521.jpg
38.87,61.13,25.31,74.69,1,IMG_3522.jpg
42.11,57.89,19.36,80.64,1,IMG_3523.jpg
38.76,61.24,26.86,73.14,1,IMG_3524.jpg
41.68,58.32,21.52,78.48,1,IMG_3525.jpg
41.8,58.2,19.63,80.37,1,IMG_3526.jpg
38.99,61.01,22.53,77.47,1,IMG_3527.jpg
40.51,59.49,21.65,78.35,1,IMG_3528.jpg
40.13,59.87,23.45,76.55,1,IMG_3529.jpg
40.11,59.89,23.35,76.65,1,IMG_3530.jpg
40.75,59.25,20.88,79.12,1,IMG_3531.jpg
56.33,43.67,13.77,86.23,0,IMG_3532.jpg
80.19,19.81,3.0,97.0,0,IMG_3533.jpg
78.67,21.33,3.3,96.7,0,IMG_3534.jpg
82.06,17.94,2.83,97.17,0,IMG_3535.jpg
82.36,17.64,2.29,97.71,0,IMG_3536.jpg
81.6,18.4,2.3,97.7,0,IMG_3537.jpg
83.22,16.78,2.32,97.68,0,IMG_3538.jpg
77.79,22.21,2.88,97.12,0,IMG_3539.jpg
76.48,23.52,3.04,96.96,0,IMG_3540.jpg
75.97,24.03,3.32,96.68,0,IMG_3541.jpg
75.59,24.41,3.33,96.67,0,IMG_3542.jpg
73.43,26.57,4.01,95.99,0,IMG_3543.jpg
74.21,25.79,4.07,95.93,0,IMG_3544.jpg
72.27,27.73,4.61,95.39,0,IMG_3545.jpg
73.37,26.63,4.67,95.33,0,IMG_3546.jpg
72.51,27.49,5.13,94.87,0,IMG_3547.jpg
71.02,28.98,5.69,94.31,0,IMG_3548.jpg
68.88,31.12,6.77,93.23,0,IMG_3549.jpg
68.76,31.24,6.78,93.22,0,IMG_3550.jpg
66.54,33.46,7.91,92.09,0,IMG_3551.jpg
65.02,34.98,8.47,91.53,0,IMG_3552.jpg
64.36,35.64,9.57,90.43,0,IMG_3553.jpg
62.54,37.46,10.41,89.59,0,IMG_3554.jpg
62.4,37.6,10.79,89.21,0,IMG_3555.jpg
61.05,38.95,11.65,88.35,0,IMG_3556.jpg
59.99,40.01,12.44,87.56,0,IMG_3557.jpg
58.35,41.65,12.91,87.09,0,IMG_3558.jpg
58.49,41.51,13.24,86.76,0,IMG_3559.jpg
56.82,43.18,14.35,85.65,0,IMG_3560.jpg
54.43,45.57,15.08,84.92,0,IMG_3561.jpg
53.16,46.84,15.42,84.58,0,IMG_3562.jpg
52.86,47.14,16.17,83.83,0,IMG_3563.jpg
52.1,47.9,17.36,82.64,0,IMG_3564.jpg
50.72,49.28,16.62,83.38,0,IMG_3565.jpg
49.95,50.05,18.85,81.15,1,IMG_3566.jpg
50.47,49.53,18.5,81.5,0,IMG_3567.jpg
49.61,50.39,18.64,81.36,1,IMG_3568.jpg
48.33,51.67,20.05,79.95,1,IMG_3569.jpg
47.07,52.93,20.07,79.93,1,IMG_3570.jpg
47.99,52.01,21.03,78.97,1,IMG_3571.jpg
47.66,52.34,20.69,79.31,1,IMG_3572.jpg
47.12,52.88,20.96,79.04,1,IMG_3573.jpg
45.49,54.51,21.45,78.55,1,IMG_3574.jpg
44.16,55.84,22.22,77.78,1,IMG_3575.jpg
46.38,53.62,22.43,77.57,1,IMG_3576.jpg
44.02,55.98,22.43,77.57,1,IMG_3577.jpg
43.92,56.08,23.27,76.73,1,IMG_3578.jpg
43.43,56.57,22.28,77.72,1,IMG_3579.jpg
43.73,56.27,22.2,77.8,1,IMG_3580.jpg
43.32,56.68,23.03,76.97,1,IMG_3581.jpg
42.57,57.43,23.08,76.92,1,IMG_3582.jpg
42.95,57.05,21.97,78.03,1,IMG_3583.jpg
42.05,57.95,23.88,76.12,1,IMG_3584.jpg
42.47,57.53,23.99,76.01,1,IMG_3585.jpg
42.24,57.76,23.99,76.01,1,IMG_3586.jpg
41.53,58.47,23.3,76.7,1,IMG_3587.jpg
40.62,59.38,24.48,75.52,1,IMG_3588.jpg
40.91,59.09,23.64,76.36,1,IMG_3589.jpg
41.24,58.76,22.14,77.86,1,IMG_3590.jpg
41.26,58.74,23.36,76.64,1,IMG_3591.jpg
40.77,59.23,23.82,76.18,1,IMG_3592.jpg
40.87,59.13,23.67,76.33,1,IMG_3593.jpg
40.92,59.08,22.71,77.29,1,IMG_3594.jpg
40.71,59.29,24.55,75.45,1,IMG_3595.jpg
40.38,59.62,21.66,78.34,1,IMG_3596.jpg
40.64,59.36,22.08,77.92,1,IMG_3597.jpg
40.44,59.56,22.98,77.02,1,IMG_3598.jpg
39.85,60.15,22.83,77.17,1,IMG_3599.jpg
39.27,60.73,24.24,75.76,1,IMG_3600.jpg
41.44,58.56,20.32,79.68,1,IMG_3601.jpg
40.57,59.43,25.53,74.47,1,IMG_3602.jpg
39.87,60.13,23.8,76.2,1,IMG_3603.jpg
40.64,59.36,25.1,74.9,1,IMG_3604.jpg
39.8,60.2,22.78,77.22,1,IMG_3605.jpg
40.05,59.95,23.0,77.0,1,IMG_3606.jpg
39.82,60.18,24.06,75.94,1,IMG_3607.jpg
39.73,60.27,24.65,75.35,1,IMG_3608.jpg
39.68,60.32,25.53,74.47,1,IMG_3609.jpg
39.29,60.71,22.93,77.07,1,IMG_3610.jpg
39.76,60.24,23.99,76.01,1,IMG_3611.jpg
40.65,59.35,22.44,77.56,1,IMG_3612.jpg
39.2,60.8,24.77,75.23,1,IMG_3613.jpg
39.23,60.77,23.92,76.08,1,IMG_3614.jpg
39.45,60.55,26.15,73.85,1,IMG_3615.jpg
40.23,59.77,25.67,74.33,1,IMG_3616.jpg
39.32,60.68,24.74,75.26,1,IMG_3617.jpg
41.19,58.81,21.34,78.66,1,IMG_3618.jpg
40.15,59.85,21.88,78.12,1,IMG_3619.jpg
39.25,60.75,24.67,75.33,1,IMG_3620.jpg
39.51,60.49,23.99,76.01,1,IMG_3621.jpg
39.49,60.51,24.99,75.01,1,IMG_3622.jpg
39.53,60.47,24.74,75.26,1,IMG_3623.jpg
39.16,60.84,23.81,76.19,1,IMG_3624.jpg
39.33,60.67,26.14,73.86,1,IMG_3625.jpg
40.04,59.96,24.24,75.76,1,IMG_3626.jpg
40.24,59.76,25.41,74.59,1,IMG_3627.jpg
39.62,60.38,22.78,77.22,1,IMG_3628.jpg
38.66,61.34,24.26,75.74,1,IMG_3629.jpg
39.87,60.13,24.67,75.33,1,IMG_3630.jpg
39.74,60.26,24.43,75.57,1,IMG_3631.jpg
40.25,59.75,24.15,75.85,1,IMG_3632.jpg
39.96,60.04,23.8,76.2,1,IMG_3633.jpg
39.8,60.2,24.98,75.02,1,IMG_3634.jpg
39.22,60.78,24.16,75.84,1,IMG_3635.jpg
40.74,59.26,22.37,77.63,1,IMG_3636.jpg
39.79,60.21,23.82,76.18,1,IMG_3637.jpg
40.45,59.55,24.49,75.51,1,IMG_3638.jpg
40.22,59.78,25.39,74.61,1,IMG_3639.jpg
40.08,59.92,24.37,75.63,1,IMG_3640.jpg
39.82,60.18,24.73,75.27,1,IMG_3641.jpg
40.78,59.22,25.6,74.4,1,IMG_3642.jpg
39.96,60.04,25.04,74.96,1,IMG_3643.jpg
39.76,60.24,26.18,73.82,1,IMG_3644.jpg
39.59,60.41,23.61,76.39,1,IMG_3645.jpg
39.94,60.06,24.02,75.98,1,IMG_3646.jpg
40.0,60.0,25.95,74.05,1,IMG_3647.jpg
39.72,60.28,22.39,77.61,1,IMG_3648.jpg
39.88,60.12,24.71,75.29,1,IMG_3649.jpg
39.63,60.37,26.07,73.93,1,IMG_3650.jpg
39.82,60.18,25.23,74.77,1,IMG_3651.jpg
39.37,60.63,23.53,76.47,1,IMG_3652.jpg
40.01,59.99,22.83,77.17,1,IMG_3653.jpg
40.24,59.76,24.3,75.7,1,IMG_3654.jpg
40.44,59.56,25.14,74.86,1,IMG_3655.jpg
40.14,59.86,24.19,75.81,1,IMG_3656.jpg
39.35,60.65,24.82,75.18,1,IMG_3657.jpg
40.18,59.82,26.1,73.9,1,IMG_3658.jpg
38.29,61.71,27.09,72.91,1,IMG_3659.jpg
37.63,62.37,26.76,73.24,1,IMG_3660.jpg
37.66,62.34,25.9,74.1,1,IMG_3661.jpg
39.73,60.27,26.34,73.66,1,IMG_3662.jpg
38.81,61.19,26.36,73.64,1,IMG_3663.jpg
38.91,61.09,26.85,73.15,1,IMG_3664.jpg
39.51,60.49,26.49,73.51,1,IMG_3665.jpg
38.73,61.27,25.92,74.08,1,IMG_3666.jpg
37.67,62.33,26.48,73.52,1,IMG_3667.jpg
38.92,61.08,23.21,76.79,1,IMG_3668.jpg
40.89,59.11,20.76,79.24,1,IMG_3669.jpg
40.06,59.94,22.78,77.22,1,IMG_3670.jpg
40.14,59.86,23.78,76.22,1,IMG_3671.jpg
43.41,56.59,17.15,82.85,1,IMG_3672.jpg
39.52,60.48,26.33,73.67,1,IMG_3673.jpg
61.41,38.59,12.26,87.74,0,IMG_3674.jpg
77.97,22.03,3.01,96.99,0,IMG_3675.jpg
79.76,20.24,2.96,97.04,0,IMG_3676.jpg
79.6,20.4,3.24,96.76,0,IMG_3677.jpg
79.8,20.2,3.2,96.8,0,IMG_3678.jpg
79.84,20.16,3.28,96.72,0,IMG_3679.jpg
83.78,16.22,2.08,97.92,0,IMG_3680.jpg
81.86,18.14,2.87,97.13,0,IMG_3681.jpg
79.98,20.02,3.16,96.84,0,IMG_3682.jpg
79.64,20.36,3.44,96.56,0,IMG_3683.jpg
81.78,18.22,2.85,97.15,0,IMG_3684.jpg
81.14,18.86,3.01,96.99,0,IMG_3685.jpg
79.42,20.58,3.62,96.38,0,IMG_3686.jpg
78.86,21.14,3.89,96.11,0,IMG_3687.jpg
79.47,20.53,3.84,96.16,0,IMG_3688.jpg
78.51,21.49,4.25,95.75,0,IMG_3689.jpg
78.36,21.64,4.34,95.66,0,IMG_3690.jpg
76.29,23.71,5.18,94.82,0,IMG_3691.jpg
74.67,25.33,5.47,94.53,0,IMG_3692.jpg
74.72,25.28,5.81,94.19,0,IMG_3693.jpg
74.28,25.72,5.92,94.08,0,IMG_3694.jpg
72.47,27.53,6.99,93.01,0,IMG_3695.jpg
71.63,28.37,7.38,92.62,0,IMG_3696.jpg
70.74,29.26,7.23,92.77,0,IMG_3697.jpg
69.11,30.89,8.85,91.15,0,IMG_3698.jpg
69.22,30.78,7.87,92.13,0,IMG_3699.jpg
67.34,32.66,8.95,91.05,0,IMG_3700.jpg
66.52,33.48,9.27,90.73,0,IMG_3701.jpg
64.42,35.58,10.39,89.61,0,IMG_3702.jpg
62.3,37.7,11.84,88.16,0,IMG_3703.jpg
61.5,38.5,11.98,88.02,0,IMG_3704.jpg
60.78,39.22,11.74,88.26,0,IMG_3705.jpg
59.3,40.7,12.55,87.45,0,IMG_3706.jpg
58.88,41.12,12.31,87.69,0,IMG_3707.jpg
54.96,45.04,15.92,84.08,0,IMG_3708.jpg
53.47,46.53,16.76,83.24,0,IMG_3709.jpg
53.03,46.97,17.12,82.88,0,IMG_3710.jpg
49.81,50.19,19.36,80.64,1,IMG_3711.jpg
49.49,50.51,19.34,80.66,1,IMG_3712.jpg
48.87,51.13,19.8,80.2,1,IMG_3713.jpg
47.6,52.4,20.91,79.09,1,IMG_3714.jpg
48.06,51.94,18.87,81.13,1,IMG_3715.jpg
49.13,50.87,16.35,83.65,1,IMG_3716.jpg
44.68,55.32,23.3,76.7,1,IMG_3717.jpg
45.25,54.75,21.93,78.07,1,IMG_3718.jpg
43.22,56.78,24.18,75.82,1,IMG_3719.jpg
43.77,56.23,22.64,77.36,1,IMG_3720.jpg
43.5,56.5,21.82,78.18,1,IMG_3721.jpg
41.75,58.25,23.41,76.59,1,IMG_3722.jpg
44.24,55.76,20.75,79.25,1,IMG_3723.jpg
51.3,48.7,16.34,83.66,0,IMG_3724.jpg
58.74,41.26,13.19,86.81,0,IMG_3725.jpg
56.76,43.24,13.88,86.12,0,IMG_3726.jpg
57.19,42.81,11.83,88.17,0,IMG_3727.jpg
52.82,47.18,16.68,83.32,0,IMG_3728.jpg
51.77,48.23,16.84,83.16,0,IMG_3729.jpg
49.73,50.27,18.26,81.74,1,IMG_3730.jpg
47.42,52.58,18.84,81.16,1,IMG_3731.jpg
47.12,52.88,18.46,81.54,1,IMG_3732.jpg
46.17,53.83,19.82,80.18,1,IMG_3733.jpg
45.34,54.66,18.95,81.05,1,IMG_3734.jpg
43.89,56.11,20.99,79.01,1,IMG_3735.jpg
43.37,56.63,20.52,79.48,1,IMG_3736.jpg
44.15,55.85,19.57,80.43,1,IMG_3737.jpg
40.6,59.4,25.29,74.71,1,IMG_3738.jpg
41.41,58.59,22.46,77.54,1,IMG_3739.jpg
39.18,60.82,25.27,74.73,1,IMG_3740.jpg
41.78,58.22,21.7,78.3,1,IMG_3741.jpg
42.99,57.01,19.44,80.56,1,IMG_3742.jpg
39.8,60.2,25.52,74.48,1,IMG_3743.jpg
39.79,60.21,24.69,75.31,1,IMG_3744.jpg
39.45,60.55,26.39,73.61,1,IMG_3745.jpg
40.71,59.29,22.37,77.63,1,IMG_3746.jpg
40.71,59.29,20.76,79.24,1,IMG_3747.jpg
40.58,59.42,22.55,77.45,1,IMG_3748.jpg
38.96,61.04,25.27,74.73,1,IMG_3749.jpg
39.52,60.48,22.58,77.42,1,IMG_3750.jpg
40.65,59.35,23.42,76.58,1,IMG_3751.jpg
40.93,59.07,20.64,79.36,1,IMG_3752.jpg
39.21,60.79,23.13,76.87,1,IMG_3753.jpg
39.3,60.7,24.91,75.09,1,IMG_3754.jpg
40.53,59.47,23.01,76.99,1,IMG_3755.jpg
39.02,60.98,26.42,73.58,1,IMG_3756.jpg
40.61,59.39,22.22,77.78,1,IMG_3757.jpg
38.19,61.81,27.26,72.74,1,IMG_3758.jpg
37.88,62.12,26.88,73.12,1,IMG_3759.jpg
39.26,60.74,26.15,73.85,1,IMG_3760.jpg
39.23,60.77,25.21,74.79,1,IMG_3761.jpg
38.37,61.63,26.2,73.8,1,IMG_3762.jpg
41.42,58.58,21.61,78.39,1,IMG_3763.jpg
39.63,60.37,25.12,74.88,1,IMG_3764.jpg
39.84,60.16,24.63,75.37,1,IMG_3765.jpg
39.55,60.45,23.56,76.44,1,IMG_3766.jpg
39.15,60.85,23.96,76.04,1,IMG_3767.jpg
41.5,58.5,20.92,79.08,1,IMG_3768.jpg
39.06,60.94,24.36,75.64,1,IMG_3769.jpg
42.41,57.59,19.43,80.57,1,IMG_3770.jpg
40.68,59.32,22.02,77.98,1,IMG_3771.jpg
43.14,56.86,18.97,81.03,1,IMG_3772.jpg
39.61,60.39,23.96,76.04,1,IMG_3773.jpg
39.71,60.29,24.42,75.58,1,IMG_3774.jpg
40.71,59.29,22.7,77.3,1,IMG_3775.jpg
41.06,58.94,21.74,78.26,1,IMG_3776.jpg
39.47,60.53,23.95,76.05,1,IMG_3777.jpg
39.49,60.51,24.95,75.05,1,IMG_3778.jpg
38.8,61.2,26.05,73.95,1,IMG_3779.jpg
38.19,61.81,25.23,74.77,1,IMG_3780.jpg
37.89,62.11,27.06,72.94,1,IMG_3781.jpg
41.09,58.91,21.75,78.25,1,IMG_3782.jpg
38.98,61.02,26.71,73.29,1,IMG_3783.jpg
39.81,60.19,23.44,76.56,1,IMG_3784.jpg
39.73,60.27,24.55,75.45,1,IMG_3785.jpg
40.31,59.69,22.94,77.06,1,IMG_3786.jpg
40.68,59.32,22.48,77.52,1,IMG_3787.jpg
38.25,61.75,26.24,73.76,1,IMG_3788.jpg
39.35,60.65,25.88,74.12,1,IMG_3789.jpg
42.88,57.12,19.0,81.0,1,IMG_3790.jpg
40.99,59.01,20.28,79.72,1,IMG_3791.jpg
41.46,58.54,21.84,78.16,1,IMG_3792.jpg
40.36,59.64,23.6,76.4,1,IMG_3793.jpg
78.89,21.11,3.61,96.39,0,IMG_3794.jpg
78.29,21.71,4.06,95.94,0,IMG_3795.jpg
78.16,21.84,4.28,95.72,0,IMG_3796.jpg
76.33,23.67,5.42,94.58,0,IMG_3797.jpg
78.39,21.61,4.05,95.95,0,IMG_3798.jpg
77.36,22.64,4.37,95.63,0,IMG_3799.jpg
75.43,24.57,5.57,94.43,0,IMG_3800.jpg
78.51,21.49,3.98,96.02,0,IMG_3801.jpg
77.94,22.06,4.03,95.97,0,IMG_3802.jpg
76.4,23.6,4.97,95.03,0,IMG_3803.jpg
75.4,24.6,5.5,94.5,0,IMG_3804.jpg
74.15,25.85,5.99,94.01,0,IMG_3805.jpg
71.92,28.08,6.81,93.19,0,IMG_3806.jpg
71.46,28.54,7.61,92.39,0,IMG_3807.jpg
71.41,28.59,6.68,93.32,0,IMG_3808.jpg
70.84,29.16,6.99,93.01,0,IMG_3809.jpg
66.55,33.45,9.48,90.52,0,IMG_3810.jpg
66.19,33.81,9.06,90.94,0,IMG_3811.jpg
63.04,36.96,10.88,89.12,0,IMG_3812.jpg
61.5,38.5,10.77,89.23,0,IMG_3813.jpg
59.29,40.71,12.13,87.87,0,IMG_3814.jpg
58.59,41.41,12.36,87.64,0,IMG_3815.jpg
56.13,43.87,13.52,86.48,0,IMG_3816.jpg
54.0,46.0,14.29,85.71,0,IMG_3817.jpg
49.39,50.61,19.6,80.4,1,IMG_3818.jpg
51.06,48.94,15.69,84.31,0,IMG_3819.jpg
46.39,53.61,21.93,78.07,1,IMG_3820.jpg
45.03,54.97,22.6,77.4,1,IMG_3821.jpg
45.75,54.25,19.89,80.11,1,IMG_3822.jpg
42.85,57.15,23.55,76.45,1,IMG_3823.jpg
43.92,56.08,20.87,79.13,1,IMG_3824.jpg
41.45,58.55,24.51,75.49,1,IMG_3825.jpg
42.83,57.17,21.38,78.62,1,IMG_3826.jpg
43.19,56.81,20.07,79.93,1,IMG_3827.jpg
41.41,58.59,22.67,77.33,1,IMG_3828.jpg
43.71,56.29,19.12,80.88,1,IMG_3829.jpg
42.19,57.81,19.99,80.01,1,IMG_3830.jpg
43.27,56.73,19.12,80.88,1,IMG_3831.jpg
42.32,57.68,21.0,79.0,1,IMG_3832.jpg
42.93,57.07,20.13,79.87,1,IMG_3833.jpg
42.71,57.29,19.25,80.75,1,IMG_3834.jpg
42.16,57.84,19.71,80.29,1,IMG_3835.jpg
42.6,57.4,20.01,79.99,1,IMG_3836.jpg
42.08,57.92,21.12,78.88,1,IMG_3837.jpg
42.05,57.95,20.42,79.58,1,IMG_3838.jpg
39.81,60.19,26.1,73.9,1,IMG_3839.jpg
41.75,58.25,22.4,77.6,1,IMG_3840.jpg
42.2,57.8,20.14,79.86,1,IMG_3841.jpg
40.78,59.22,22.89,77.11,1,IMG_3842.jpg
42.87,57.13,20.01,79.99,1,IMG_3843.jpg
39.44,60.56,24.48,75.52,1,IMG_3844.jpg
38.85,61.15,24.5,75.5,1,IMG_3845.jpg
39.65,60.35,23.93,76.07,1,IMG_3846.jpg
40.98,59.02,21.66,78.34,1,IMG_3847.jpg
41.18,58.82,22.35,77.65,1,IMG_3848.jpg
41.84,58.16,20.75,79.25,1,IMG_3849.jpg
43.78,56.22,17.66,82.34,1,IMG_3850.jpg
41.89,58.11,21.44,78.56,1,IMG_3851.jpg
43.05,56.95,18.63,81.37,1,IMG_3852.jpg
42.8,57.2,18.48,81.52,1,IMG_3853.jpg
39.8,60.2,25.84,74.16,1,IMG_3854.jpg
41.27,58.73,22.23,77.77,1,IMG_3855.jpg
43.64,56.36,18.07,81.93,1,IMG_3856.jpg
42.79,57.21,19.02,80.98,1,IMG_3857.jpg
40.53,59.47,24.95,75.05,1,IMG_3858.jpg
43.64,56.36,18.75,81.25,1,IMG_3859.jpg
41.07,58.93,22.71,77.29,1,IMG_3860.jpg
39.17,60.83,27.08,72.92,1,IMG_3861.jpg
43.0,57.0,19.25,80.75,1,IMG_3862.jpg
38.74,61.26,25.33,74.67,1,IMG_3863.jpg
40.81,59.19,23.8,76.2,1,IMG_3864.jpg
41.4,58.6,21.6,78.4,1,IMG_3865.jpg
40.27,59.73,26.02,73.98,1,IMG_3866.jpg
42.08,57.92,20.36,79.64,1,IMG_3867.jpg
40.14,59.86,25.76,74.24,1,IMG_3868.jpg
39.32,60.68,25.81,74.19,1,IMG_3869.jpg
40.76,59.24,22.31,77.69,1,IMG_3870.jpg
43.73,56.27,18.48,81.52,1,IMG_3871.jpg
40.05,59.95,23.15,76.85,1,IMG_3872.jpg
40.77,59.23,24.65,75.35,1,IMG_3873.jpg
41.4,58.6,22.84,77.16,1,IMG_3874.jpg
40.1,59.9,26.24,73.76,1,IMG_3875.jpg
42.65,57.35,21.05,78.95,1,IMG_3876.jpg
43.05,56.95,18.92,81.08,1,IMG_3877.jpg
40.44,59.56,25.4,74.6,1,IMG_3878.jpg
41.24,58.76,22.18,77.82,1,IMG_3879.jpg
40.44,59.56,25.3,74.7,1,IMG_3880.jpg
68.69,31.31,8.11,91.89,0,IMG_3881.jpg
89.57,10.43,1.98,98.02,0,IMG_3882.jpg
37.69,62.31,26.21,73.79,1,IMG_3883.jpg
71.71,28.29,11.27,88.73,0,IMG_3884.jpg
78.74,21.26,6.74,93.26,0,IMG_3885.jpg
64.89,35.11,6.49,93.51,0,IMG_3886.jpg
65.01,34.99,6.75,93.25,0,IMG_3887.jpg
74.85,25.15,5.74,94.26,0,IMG_3888.jpg
87.38,12.62,2.21,97.79,0,IMG_3889.jpg
87.88,12.12,2.04,97.96,0,IMG_3890.jpg
60.24,39.76,9.56,90.44,0,IMG_3891.jpg
55.59,44.41,11.47,88.53,0,IMG_3892.jpg
57.81,42.19,10.57,89.43,0,IMG_3893.jpg
52.62,47.38,14.18,85.82,0,IMG_3894.jpg
66.94,33.06,7.2,92.8,0,IMG_3895.jpg
65.33,34.67,6.09,93.91,0,IMG_3896.jpg
78.78,21.22,4.17,95.83,0,IMG_3897.jpg
78.68,21.32,3.06,96.94,0,IMG_3898.jpg
79.39,20.61,2.99,97.01,0,IMG_3899.jpg
77.62,22.38,3.55,96.45,0,IMG_3900.jpg
78.67,21.33,2.68,97.32,0,IMG_3901.jpg
80.59,19.41,2.26,97.74,0,IMG_3902.jpg
77.71,22.29,3.84,96.16,0,IMG_3903.jpg
77.54,22.46,4.01,95.99,0,IMG_3904.jpg
78.97,21.03,3.42,96.58,0,IMG_3905.jpg
78.08,21.92,3.78,96.22,0,IMG_3906.jpg
78.4,21.6,3.68,96.32,0,IMG_3907.jpg
78.26,21.74,3.97,96.03,0,IMG_3908.jpg
77.41,22.59,4.52,95.48,0,IMG_3909.jpg
78.25,21.75,4.04,95.96,0,IMG_3910.jpg
77.34,22.66,4.29,95.71,0,IMG_3911.jpg
76.18,23.82,4.98,95.02,0,IMG_3912.jpg
76.1,23.9,5.06,94.94,0,IMG_3913.jpg
74.62,25.38,5.87,94.13,0,IMG_3914.jpg
74.17,25.83,6.12,93.88,0,IMG_3915.jpg
72.74,27.26,6.75,93.25,0,IMG_3916.jpg
71.93,28.07,6.94,93.06,0,IMG_3917.jpg
70.0,30.0,8.13,91.87,0,IMG_3918.jpg
70.17,29.83,7.53,92.47,0,IMG_3919.jpg
68.98,31.02,7.95,92.05,0,IMG_3920.jpg
65.05,34.95,9.6,90.4,0,IMG_3921.jpg
65.98,34.02,9.14,90.86,0,IMG_3922.jpg
64.1,35.9,8.99,91.01,0,IMG_3923.jpg
60.07,39.93,13.28,86.72,0,IMG_3924.jpg
61.28,38.72,10.64,89.36,0,IMG_3925.jpg
56.83,43.17,13.17,86.83,0,IMG_3926.jpg
57.99,42.01,12.68,87.32,0,IMG_3927.jpg
56.07,43.93,12.29,87.71,0,IMG_3928.jpg
55.12,44.88,13.07,86.93,0,IMG_3929.jpg
52.52,47.48,15.75,84.25,0,IMG_3930.jpg
53.01,46.99,13.38,86.62,0,IMG_3931.jpg
50.84,49.16,14.9,85.1,0,IMG_3932.jpg
50.44,49.56,14.45,85.55,0,IMG_3933.jpg
50.69,49.31,15.88,84.12,0,IMG_3934.jpg
48.29,51.71,17.88,82.12,1,IMG_3935.jpg
49.92,50.08,14.28,85.72,0,IMG_3936.jpg
46.61,53.39,20.36,79.64,1,IMG_3937.jpg
44.25,55.75,20.33,79.67,1,IMG_3938.jpg
47.84,52.16,15.25,84.75,0,IMG_3939.jpg
44.72,55.28,18.28,81.72,1,IMG_3940.jpg
46.32,53.68,19.28,80.72,1,IMG_3941.jpg
46.86,53.14,15.84,84.16,1,IMG_3942.jpg
43.06,56.94,22.53,77.47,1,IMG_3943.jpg
44.3,55.7,17.88,82.12,1,IMG_3944.jpg
43.33,56.67,20.04,79.96,1,IMG_3945.jpg
44.65,55.35,17.59,82.41,1,IMG_3946.jpg
44.8,55.2,17.46,82.54,1,IMG_3947.jpg
47.39,52.61,15.42,84.58,0,IMG_3948.jpg
41.86,58.14,21.88,78.12,1,IMG_3949.jpg
44.26,55.74,20.27,79.73,1,IMG_3950.jpg
42.99,57.01,22.98,77.02,1,IMG_3951.jpg
46.21,53.79,17.65,82.35,1,IMG_3952.jpg
48.08,51.92,14.16,85.84,0,IMG_3953.jpg
45.94,54.06,17.77,82.23,1,IMG_3954.jpg
45.26,54.74,19.27,80.73,1,IMG_3955.jpg
44.26,55.74,21.07,78.93,1,IMG_3956.jpg
45.08,54.92,16.23,83.77,1,IMG_3957.jpg
46.59,53.41,15.07,84.93,0,IMG_3958.jpg
47.46,52.54,14.12,85.88,0,IMG_3959.jpg
44.33,55.67,20.59,79.41,1,IMG_3960.jpg
44.68,55.32,18.73,81.27,1,IMG_3961.jpg
43.65,56.35,19.17,80.83,1,IMG_3962.jpg
42.76,57.24,20.22,79.78,1,IMG_3963.jpg
41.72,58.28,20.66,79.34,1,IMG_3964.jpg
44.27,55.73,20.2,79.8,1,IMG_3965.jpg
45.47,54.53,15.88,84.12,1,IMG_3966.jpg
44.94,55.06,17.42,82.58,1,IMG_3967.jpg
41.05,58.95,22.64,77.36,1,IMG_3968.jpg
42.85,57.15,18.73,81.27,1,IMG_3969.jpg
44.43,55.57,17.8,82.2,1,IMG_3970.jpg
45.47,54.53,16.53,83.47,1,IMG_3971.jpg
43.34,56.66,20.73,79.27,1,IMG_3972.jpg
41.97,58.03,22.39,77.61,1,IMG_3973.jpg
44.08,55.92,18.05,81.95,1,IMG_3974.jpg
42.68,57.32,18.82,81.18,1,IMG_3975.jpg
43.29,56.71,18.47,81.53,1,IMG_3976.jpg
42.78,57.22,18.66,81.34,1,IMG_3977.jpg
41.5,58.5,20.92,79.08,1,IMG_3978.jpg
42.21,57.79,19.6,80.4,1,IMG_3979.jpg
42.08,57.92,20.18,79.82,1,IMG_3980.jpg
42.25,57.75,21.2,78.8,1,IMG_3981.jpg
41.67,58.33,20.24,79.76,1,IMG_3982.jpg
46.19,53.81,14.56,85.44,0,IMG_3983.jpg
45.17,54.83,16.2,83.8,1,IMG_3984.jpg
44.86,55.14,17.7,82.3,1,IMG_3985.jpg
39.42,60.58,24.66,75.34,1,IMG_3986.jpg
45.01,54.99,18.73,81.27,1,IMG_3987.jpg
44.51,55.49,19.99,80.01,1,IMG_3988.jpg
42.67,57.33,21.65,78.35,1,IMG_3989.jpg
44.25,55.75,17.63,82.37,1,IMG_3990.jpg
45.33,54.67,15.35,84.65,0,IMG_3991.jpg
45.21,54.79,16.09,83.91,1,IMG_3992.jpg
45.0,55.0,18.07,81.93,1,IMG_3993.jpg
46.56,53.44,15.72,84.28,1,IMG_3994.jpg
45.05,54.95,17.99,82.01,1,IMG_3995.jpg
43.98,56.02,20.94,79.06,1,IMG_3996.jpg
42.74,57.26,21.9,78.1,1,IMG_3997.jpg
44.28,55.72,17.29,82.71,1,IMG_3998.jpg
45.41,54.59,18.09,81.91,1,IMG_3999.jpg
42.54,57.46,19.6,80.4,1,IMG_4000.jpg
45.95,54.05,15.66,84.34,1,IMG_4001.jpg
43.97,56.03,18.35,81.65,1,IMG_4002.jpg
45.2,54.8,17.0,83.0,1,IMG_4003.jpg
44.93,55.07,15.74,84.26,1,IMG_4004.jpg
41.39,58.61,21.42,78.58,1,IMG_4005.jpg
44.73,55.27,17.52,82.48,1,IMG_4006.jpg
41.73,58.27,20.38,79.62,1,IMG_4007.jpg
43.59,56.41,20.78,79.22,1,IMG_4008.jpg
44.88,55.12,17.8,82.2,1,IMG_4009.jpg
47.08,52.92,14.58,85.42,0,IMG_4010.jpg
46.59,53.41,13.86,86.14,0,IMG_4011.jpg
42.61,57.39,19.24,80.76,1,IMG_4012.jpg
44.87,55.13,18.2,81.8,1,IMG_4013.jpg
43.4,56.6,19.72,80.28,1,IMG_4014.jpg
47.35,52.65,14.82,85.18,0,IMG_4015.jpg
76.53,23.47,4.44,95.56,0,IMG_4016.jpg
79.02,20.98,3.37,96.63,0,IMG_4017.jpg
79.75,20.25,3.21,96.79,0,IMG_4018.jpg
79.52,20.48,2.47,97.53,0,IMG_4019.jpg
75.57,24.43,3.06,96.94,0,IMG_4020.jpg
